﻿Covid-19;Sexo;Complicaciones y comorbilidades más frecuentes;Total
Covid-19 Virus identificado;Total;Total defunciones Covid-19;32.652
Covid-19 Virus identificado;Total;COMPLICACIONES: Insuficiencia respiratoria;18.910
Covid-19 Virus identificado;Total;COMPLICACIONES: Neumonía;10.950
Covid-19 Virus identificado;Total;COMORBILIDAD: Enfermedades hipertensivas;4.462
Covid-19 Virus identificado;Total;COMORBILIDAD: Demencia;2.387
Covid-19 Virus identificado;Total;COMORBILIDAD: Insuficiencia renal;2.829
Covid-19 Virus identificado;Total;COMORBILIDAD: Diabetes mellitus;2.487
Covid-19 Virus identificado;Total;COMORBILIDAD: Enfermedad de Alzheimer;1.376
Covid-19 Virus identificado;Total;COMORBILIDAD: Insuficiencia cardíaca;1.550
Covid-19 Virus identificado;Total;COMORBILIDAD: Enfermedades crónicas de las vías respiratorias inferiores (excepto asma);1.305
Covid-19 Virus identificado;Total;COMORBILIDAD: Enfermedades cerebrovasculares;1.058
Covid-19 Virus identificado;Hombres;Total defunciones Covid-19;17.688
Covid-19 Virus identificado;Hombres;COMPLICACIONES: Insuficiencia respiratoria;10.424
Covid-19 Virus identificado;Hombres;COMPLICACIONES: Neumonía;6.348
Covid-19 Virus identificado;Hombres;COMORBILIDAD: Enfermedades hipertensivas;2.116
Covid-19 Virus identificado;Hombres;COMORBILIDAD: Demencia;935
Covid-19 Virus identificado;Hombres;COMORBILIDAD: Insuficiencia renal;1.634
Covid-19 Virus identificado;Hombres;COMORBILIDAD: Diabetes mellitus;1.296
Covid-19 Virus identificado;Hombres;COMORBILIDAD: Enfermedad de Alzheimer;450
Covid-19 Virus identificado;Hombres;COMORBILIDAD: Insuficiencia cardíaca;623
Covid-19 Virus identificado;Hombres;COMORBILIDAD: Enfermedades crónicas de las vías respiratorias inferiores (excepto asma);1.046
Covid-19 Virus identificado;Hombres;COMORBILIDAD: Enfermedades cerebrovasculares;559
Covid-19 Virus identificado;Mujeres;Total defunciones Covid-19;14.964
Covid-19 Virus identificado;Mujeres;COMPLICACIONES: Insuficiencia respiratoria;8.486
Covid-19 Virus identificado;Mujeres;COMPLICACIONES: Neumonía;4.602
Covid-19 Virus identificado;Mujeres;COMORBILIDAD: Enfermedades hipertensivas;2.346
Covid-19 Virus identificado;Mujeres;COMORBILIDAD: Demencia;1.452
Covid-19 Virus identificado;Mujeres;COMORBILIDAD: Insuficiencia renal;1.195
Covid-19 Virus identificado;Mujeres;COMORBILIDAD: Diabetes mellitus;1.191
Covid-19 Virus identificado;Mujeres;COMORBILIDAD: Enfermedad de Alzheimer;926
Covid-19 Virus identificado;Mujeres;COMORBILIDAD: Insuficiencia cardíaca;927
Covid-19 Virus identificado;Mujeres;COMORBILIDAD: Enfermedades crónicas de las vías respiratorias inferiores (excepto asma);259
Covid-19 Virus identificado;Mujeres;COMORBILIDAD: Enfermedades cerebrovasculares;499
 Covid-19 virus no identificado (sospechoso);Total;Total defunciones Covid-19;13.032
 Covid-19 virus no identificado (sospechoso);Total;COMPLICACIONES: Insuficiencia respiratoria;6.988
 Covid-19 virus no identificado (sospechoso);Total;COMPLICACIONES: Neumonía;2.631
 Covid-19 virus no identificado (sospechoso);Total;COMORBILIDAD: Enfermedades hipertensivas;2.739
 Covid-19 virus no identificado (sospechoso);Total;COMORBILIDAD: Demencia;1.690
 Covid-19 virus no identificado (sospechoso);Total;COMORBILIDAD: Insuficiencia renal;947
 Covid-19 virus no identificado (sospechoso);Total;COMORBILIDAD: Diabetes mellitus;1.397
 Covid-19 virus no identificado (sospechoso);Total;COMORBILIDAD: Enfermedad de Alzheimer;1.094
 Covid-19 virus no identificado (sospechoso);Total;COMORBILIDAD: Insuficiencia cardíaca;974
 Covid-19 virus no identificado (sospechoso);Total;COMORBILIDAD: Enfermedades crónicas de las vías respiratorias inferiores (excepto asma);677
 Covid-19 virus no identificado (sospechoso);Total;COMORBILIDAD: Enfermedades cerebrovasculares;504
 Covid-19 virus no identificado (sospechoso);Hombres;Total defunciones Covid-19;5.682
 Covid-19 virus no identificado (sospechoso);Hombres;COMPLICACIONES: Insuficiencia respiratoria;3.068
 Covid-19 virus no identificado (sospechoso);Hombres;COMPLICACIONES: Neumonía;1.343
 Covid-19 virus no identificado (sospechoso);Hombres;COMORBILIDAD: Enfermedades hipertensivas;994
 Covid-19 virus no identificado (sospechoso);Hombres;COMORBILIDAD: Demencia;602
 Covid-19 virus no identificado (sospechoso);Hombres;COMORBILIDAD: Insuficiencia renal;432
 Covid-19 virus no identificado (sospechoso);Hombres;COMORBILIDAD: Diabetes mellitus;631
 Covid-19 virus no identificado (sospechoso);Hombres;COMORBILIDAD: Enfermedad de Alzheimer;338
 Covid-19 virus no identificado (sospechoso);Hombres;COMORBILIDAD: Insuficiencia cardíaca;396
 Covid-19 virus no identificado (sospechoso);Hombres;COMORBILIDAD: Enfermedades crónicas de las vías respiratorias inferiores (excepto asma);482
 Covid-19 virus no identificado (sospechoso);Hombres;COMORBILIDAD: Enfermedades cerebrovasculares;222
 Covid-19 virus no identificado (sospechoso);Mujeres;Total defunciones Covid-19;7.350
 Covid-19 virus no identificado (sospechoso);Mujeres;COMPLICACIONES: Insuficiencia respiratoria;3.920
 Covid-19 virus no identificado (sospechoso);Mujeres;COMPLICACIONES: Neumonía;1.288
 Covid-19 virus no identificado (sospechoso);Mujeres;COMORBILIDAD: Enfermedades hipertensivas;1.745
 Covid-19 virus no identificado (sospechoso);Mujeres;COMORBILIDAD: Demencia;1.088
 Covid-19 virus no identificado (sospechoso);Mujeres;COMORBILIDAD: Insuficiencia renal;515
 Covid-19 virus no identificado (sospechoso);Mujeres;COMORBILIDAD: Diabetes mellitus;766
 Covid-19 virus no identificado (sospechoso);Mujeres;COMORBILIDAD: Enfermedad de Alzheimer;756
 Covid-19 virus no identificado (sospechoso);Mujeres;COMORBILIDAD: Insuficiencia cardíaca;578
 Covid-19 virus no identificado (sospechoso);Mujeres;COMORBILIDAD: Enfermedades crónicas de las vías respiratorias inferiores (excepto asma);195
 Covid-19 virus no identificado (sospechoso);Mujeres;COMORBILIDAD: Enfermedades cerebrovasculares;282
